名称,影像,位置,试行日期,面积,描述,封面图,春图,夏图,秋图,冬图
三江源国家公园,,青海省,2016年3月9日[36],"123,100平方千米",由长江源（可可西里）、黄河源、澜沧江源三个园区构成[15]。该国家公园以自然修复为主，旨在保护冰川雪山、江源河流、湖泊湿地、高寒草甸等源头地区的生态系统，维护和提升水源涵养功能[13]。,"https://img0.baidu.com/it/u=1968547353,3405968747&fm=253&fmt=auto&app=120&f=JPEG?w=1200&h=800","https://img2.baidu.com/it/u=3622849223,3289643488&fm=253&fmt=auto&app=138&f=JPEG?w=500&h=667","https://img1.baidu.com/it/u=2417155168,1352528349&fm=253&fmt=auto&app=120&f=JPEG?w=500&h=750","https://img2.baidu.com/it/u=2913194634,224763718&fm=253&fmt=auto&app=120&f=JPEG?w=750&h=500","https://img0.baidu.com/it/u=874087232,1217790776&fm=253&fmt=auto&app=120&f=JPEG?w=800&h=1067"
海南热带雨林国家公园,,海南省,2019年1月23日[40],"4,400平方千米[40]",包括五指山、鹦哥岭、尖峰岭、霸王岭、吊罗山等5个国家级自然保护区，佳西等3个省级自然保护区，黎母山等4个国家森林公园、阿陀岭等6个省级森林公园与相关国有林场[40]。该国家公园旨在更加有效保护热带雨林生态系统的原真性和完整性[40]。,"https://img0.baidu.com/it/u=30247077,3004913066&fm=253&fmt=auto&app=120&f=JPEG?w=1200&h=800","https://img0.baidu.com/it/u=2068374101,3321084558&fm=253&fmt=auto&app=138&f=JPEG?w=500&h=737","http://img2.baidu.com/it/u=2319001046,3711251127&fm=253&app=138&f=JPEG?w=500&h=737","http://img1.baidu.com/it/u=3317714286,3203605352&fm=253&app=138&f=JPEG?w=500&h=737","https://img2.baidu.com/it/u=248646964,2794093170&fm=253&fmt=auto&app=120&f=JPEG?w=715&h=500"
福建武夷山国家公园,,福建省南平市,2016年3月14日[39],982.59平方千米[13],包括福建武夷山国家级自然保护区、武夷山国家级风景名胜区和九曲溪上游保护地带[13]。该国家公园旨在有效保护当地的生物多样性[13]。,"https://img1.baidu.com/it/u=3730423396,502137477&fm=253&fmt=auto&app=120&f=JPEG?w=1238&h=800","https://img2.baidu.com/it/u=711474760,152081367&fm=253&fmt=auto&app=138&f=JPEG?w=500&h=667","https://img1.baidu.com/it/u=3382076299,3030469801&fm=253&fmt=auto&app=138&f=JPEG?w=500&h=875","https://img0.baidu.com/it/u=1870254137,1953435935&fm=253&fmt=auto&app=138&f=JPEG?w=500&h=652","https://img0.baidu.com/it/u=1483570554,4031391672&fm=253&fmt=auto&app=138&f=JPEG?w=1067&h=800"
东北虎豹国家公园,,吉林省、黑龙江省,2016年12月5日[38],"14,600平方千米[13]",该国家公园旨在有效保护和恢复东北虎豹野生种群，实现其稳定繁衍生息。并有效解决东北虎豹保护与当地发展之间的矛盾[13]。,"https://img1.baidu.com/it/u=2837383143,1537383646&fm=253&fmt=auto&app=120&f=JPEG?w=1200&h=800","https://img2.baidu.com/it/u=4031131303,4024758914&fm=253&fmt=auto&app=138&f=JPEG?w=500&h=653","https://img1.baidu.com/it/u=1649286717,1999023261&fm=253&fmt=auto&app=138&f=JPEG?w=500&h=549","https://img0.baidu.com/it/u=2658922309,1830211178&fm=253&fmt=auto&app=120&f=JPEG?w=500&h=667","https://img2.baidu.com/it/u=3561333851,1052557264&fm=253&fmt=auto&app=138&f=JPEG?w=500&h=663"
大熊猫国家公园,,四川省、陕西省、甘肃省,2017年1月31日[37],"27,000平方千米[13]",该国家公园旨在加强大熊猫栖息地廊道建设，连通原本相互隔离的栖息地，以实现隔离大熊猫种群之间的基因交流[13]。,"https://img1.baidu.com/it/u=2395312514,3820759018&fm=253&fmt=auto&app=138&f=JPEG?w=1423&h=800","https://img0.baidu.com/it/u=54613153,2648281717&fm=253&fmt=auto&app=120&f=JPEG?w=1067&h=800","http://img1.baidu.com/it/u=1815662714,2922981200&fm=253&app=138&f=JPEG?w=500&h=667","https://img0.baidu.com/it/u=3847719607,1974079457&fm=253&fmt=auto&app=120&f=JPEG?w=1200&h=800","https://img2.baidu.com/it/u=3981614686,877039326&fm=253&fmt=auto&app=138&f=JPEG?w=500&h=667"
云南普达措国家公园,,云南省迪庆藏族自治州,2016年10月26日[41],602.1平方千米[13],该国家公园拥有湖泊湿地、森林草甸、河谷溪流、珍稀动植物等丰富的生态资源，原始生态环境保存完好[4]。,"https://img2.baidu.com/it/u=1948726444,910797355&fm=253&fmt=auto&app=138&f=JPEG?w=1417&h=800","https://img2.baidu.com/it/u=1965351048,156195975&fm=253&fmt=auto&app=138&f=JPEG?w=500&h=738","https://img2.baidu.com/it/u=2961804393,273997515&fm=253&fmt=auto&app=138&f=JPEG?w=500&h=653","https://img0.baidu.com/it/u=1501496950,3525240741&fm=253&fmt=auto&app=138&f=JPEG?w=500&h=650","https://img1.baidu.com/it/u=374525305,2718296345&fm=253&fmt=auto&app=138&f=JPEG?w=500&h=667"
湖北神农架国家公园,,湖北省神农架林区,2016年5月14日[42],"1,170平方千米[13]",该国家公园旨在有效保护当地的亚热带森林生态系统和泥炭藓湿地生态系统[13]。,"https://img0.baidu.com/it/u=2788996404,1726975275&fm=253&fmt=auto&app=120&f=JPEG?w=1321&h=800","https://img0.baidu.com/it/u=81713021,913288725&fm=253&fmt=auto&app=138&f=JPEG?w=500&h=737","https://img2.baidu.com/it/u=3647098103,3520096556&fm=253&fmt=auto&app=138&f=JPEG?w=888&h=500","http://img0.baidu.com/it/u=4068639746,533435797&fm=253&app=138&f=JPEG?w=500&h=651","https://img0.baidu.com/it/u=4233961728,287160772&fm=253&fmt=auto&app=138&f=JPEG?w=500&h=650"
浙江钱江源国家公园,,浙江省开化县,2016年7月15日[43],252平方千米[13],包括古田山国家级自然保护区、钱江源国家森林公园、钱江源省级风景名胜区以及连接自然保护地之间的生态区域[13]。该国家公园旨在有效保护当地的白颈长尾雉、黑麂等濒危物种[13]。,"https://img1.baidu.com/it/u=3873741395,592129082&fm=253&fmt=auto&app=120&f=JPEG?w=1200&h=800","https://img1.baidu.com/it/u=3209328078,3422611929&fm=253&fmt=auto&app=138&f=JPEG?w=500&h=750","https://img2.baidu.com/it/u=1111247618,1138797521&fm=253&fmt=auto&app=138&f=JPEG?w=500&h=888","https://img1.baidu.com/it/u=328102987,2186351583&fm=253&fmt=auto&app=138&f=JPEG?w=500&h=667","https://img1.baidu.com/it/u=1752281925,273228317&fm=253&fmt=auto&app=120&f=JPEG?w=889&h=500"
湖南南山国家公园,,湖南省邵阳市城步苗族自治县,2016年8月8日[44],635.94平方千米[13],包括南山国家级风景名胜区、金童山国家级自然保护区、两江峡谷国家森林公园、白云湖国家湿地公园以及连接自然保护地之间的生态区域[13]。该国家公园旨在有效保护当地的候鸟种群和其他生态景观[4]。,"https://img0.baidu.com/it/u=388388484,2724239899&fm=253&fmt=auto&app=120&f=JPEG?w=1200&h=800","https://img0.baidu.com/it/u=4242550247,3937960046&fm=253&fmt=auto&app=138&f=JPEG?w=762&h=500","https://img1.baidu.com/it/u=2680590317,2377349087&fm=253&fmt=auto&app=138&f=PNG?w=500&h=652","http://img0.baidu.com/it/u=1032012198,3782773467&fm=253&app=138&f=JPEG?w=1461&h=800","https://img0.baidu.com/it/u=4216891354,396720659&fm=253&fmt=auto&app=138&f=JPEG?w=800&h=500"
北京长城国家公园,,北京市延庆区,2017年1月14日[45],59.91平方千米[13],包括八达岭国家级风景名胜区、十三陵国家级风景名胜区（延庆部分）[13]。该国家公园旨在有效保护当地的人文资源[13]。,"https://img2.baidu.com/it/u=3150578904,3803637101&fm=253&fmt=auto&app=120&f=JPEG?w=1200&h=800","https://img0.baidu.com/it/u=3920367557,3416203834&fm=253&fmt=auto&app=120&f=JPEG?w=500&h=889","https://img2.baidu.com/it/u=3755243289,3408092104&fm=253&fmt=auto&app=120&f=JPEG?w=500&h=837","https://img1.baidu.com/it/u=1652132687,2764503032&fm=253&fmt=auto&app=138&f=JPEG?w=500&h=750","https://img2.baidu.com/it/u=1957197973,4261349607&fm=253&fmt=auto&app=138&f=JPEG?w=500&h=648"
祁连山国家公园,,甘肃省、青海省,2017年6月26日[46],"50,000平方千米[13]",包括祁连山国家级自然保护区[4]。该国家公园旨在解决当地局部生态破坏问题十分突出，多个保护地、碎片化管理的问题[4]。 ,"https://img2.baidu.com/it/u=20006267,3533252011&fm=253&fmt=auto&app=120&f=JPEG?w=1417&h=800","https://img2.baidu.com/it/u=3465811764,334316751&fm=253&fmt=auto&app=138&f=JPEG?w=500&h=653","https://img1.baidu.com/it/u=1240731359,628750694&fm=253&fmt=auto&app=138&f=JPEG?w=889&h=500","http://img1.baidu.com/it/u=693040778,3834678538&fm=253&app=138&f=JPEG?w=800&h=1067","http://img2.baidu.com/it/u=1289682251,1455672416&fm=253&app=138&f=JPEG?w=500&h=686"
