省级行政区,个数,地级行政区,县级行政区,景点名称,批次（按公布时间）
北京市,10,,东城区,故宫博物院,2007/05/08[7]
,,,,天坛公园,2007/05/08[7]
,,,海淀区,颐和园,2007/05/08[7]
,,,,圆明园景区,2020/01/07[8]
,,,延庆区,八达岭长城（八达岭-慕田峪长城）,2007/05/08[7]
,,,怀柔区,慕田峪长城旅游景区（八达岭-慕田峪长城）,2011/05/05[9]
,,,昌平区,明十三陵景区,2011/05/05[9]
,,,西城区,恭王府景区,2012/1/20
,,,朝阳区,奥林匹克公园,2012/11/6
,,,通州区,北京（通州）大运河文化旅游景区,2024/2/6
天津市,2,,南开区,天津古文化街旅游区（津门故里）,2007/05/08[7]
,,,蓟州区,天津盘山风景名胜区,2007/05/08[7]
河北省,13,秦皇岛市,山海关区,山海关景区,2007/05/08[7]
,,,,,2015/10/09取消
,,,,,
,,,,,2018/11/23恢复
,,保定市,安新县,安新白洋淀景区,2007/05/08[7]
,,,涞水县,野三坡景区,2011/1/17
,,,涞源县,白石山景区,2017/2/25
,,,易县,清西陵景区,2020/01/07[8]
,,承德市,双桥区,承德避暑山庄及周围寺庙景区,2007/05/08[7]
,,,滦平县,金山岭长城景区,2020/12/29
,,石家庄市,平山县,西柏坡景区,2011/9/6
,,唐山市,遵化市,清东陵景区,2015/10/15
,,,路南区,南湖·开滦旅游景区,2024/2/6
,,邯郸市,涉县,娲皇宫景区,2015/10/15
,,,永年区,广府古城景区,2017/2/25
,,衡水市,桃城区、冀州区,衡水湖旅游景区,2024/12/27
山西省,11,大同市,云冈区,云冈石窟,2007/05/08[7]
,,忻州市,五台县,五台山风景名胜区,2007/05/08[7]
,,,代县,雁门关景区,2017/2/25
,,晋城市,阳城县,皇城相府生态文化旅游区,2011/1/17
,,晋中市,介休市,介休绵山景区,2013/9/12
,,,祁县,乔家大院文化园区,2014/11/28
,,,平遥县,平遥古城景区,2015/7/13
,,临汾市,洪洞县,洪洞大槐树寻根祭祖园景区,2018/10/29
,,,乡宁县,云丘山景区,2020/12/29
,,,吉县,黄河壶口瀑布旅游区,2022/7/15
,,长治市,壶关县,壶关太行山大峡谷八泉峡景区,2020/01/07[8]
,,太原市,晋源区,晋祠天龙山景区,2024/12/27
内蒙古自治区,8,鄂尔多斯市,达拉特旗,响沙湾旅游景区,2011/1/17
,,,伊金霍洛旗,成吉思汗陵旅游区,2011/1/17
,,呼伦贝尔市,满洲里市,中俄边境旅游区,2016/11/4
,,,跨县级行政区,呼伦贝尔大草原·莫尔格勒河景区,2024/2/6
,,兴安盟,阿尔山市,阿尔山·柴河旅游景区,2017/2/25
,,赤峰市,克什克腾旗,哈斯哈图石阵旅游区,2018/10/29
,,阿拉善盟,额济纳旗,胡杨林旅游区,2020/01/07[8]
,,呼和浩特市,清水河县,老牛湾黄河大峡谷旅游区,2024/12/27
辽宁省,7,沈阳市,浑南区,沈阳市植物园,2007/05/08[7]
,,大连市,中山区,大连老虎滩海洋公园.老虎滩极地馆,2007/05/08[7]
,,,金州区,金石滩景区,2011/1/17
,,本溪市,本溪满族自治县,本溪水洞景区,2015/7/13
,,,桓仁满族自治县,五女山景区,2024/2/6
,,鞍山市,铁东区,千山景区,2017/2/25
,,盘锦市,大洼区,红海滩风景廊道景区,2020/01/07[8]
吉林省,9,长春市,宽城区,伪满皇宫博物院,2007/05/08[7]
,,,南关区,净月潭景区,2011/1/17
,,,,长影世纪城旅游区,2015/7/13
,,,,长春世界雕塑公园旅游景区,2017/2/25
,,白山市,抚松县,长白山景区,2007/05/08[7]
,,延边朝鲜族自治州,敦化市,六鼎山文化旅游区,2015/10/15
,,通化市,集安市,高句丽文物古迹旅游景区,2020/01/07[8]
,,松原市,前郭尔罗斯蒙古族自治县,查干湖景区,2024/2/6
,,白城市,大安县,大安嫩江湾旅游区,2024/12/27
黑龙江省,7,哈尔滨市,松北区,太阳岛景区,2007/05/08[7]
,,黑河市,五大连池市,五大连池景区,2011/1/17
,,牡丹江市,宁安市,镜泊湖景区,2011/1/17
,,伊春市,汤旺县,汤旺河林海奇石景区,2013/9/12
,,大兴安岭地区,漠河市,北极村旅游区,2015/7/13
,,鸡西市,虎林市,虎头旅游景区,2020/01/07[8]
,,齐齐哈尔市,铁锋区,扎龙生态旅游区,2024/12/27
上海市,5,,浦东新区,上海东方明珠广播电视塔,2007/05/08[7]
,,,,上海野生动物园,2007/05/08[7]
,,,,上海科技馆,2010/04/18[10]
,,,黄浦区,一大纪念馆（中国共产党一大·二大·四大纪念馆景区）,2021/6/9
,,,静安区,二大纪念馆（中国共产党一大·二大·四大纪念馆景区）,2021/6/9
,,,虹口区,四大纪念馆（中国共产党一大·二大·四大纪念馆景区）,2021/6/9
,,,崇明区,西沙明珠湖景区,2024/2/6
江苏省,26,南京市,玄武区,钟山风景名胜区-中山陵园风景区,2007/05/08[7]
,,,秦淮区,夫子庙—秦淮风光带景区,2010/04/18[10]
,,无锡市,滨湖区,中央电视台无锡影视基地三国水浒景区,2007/05/08[7]
,,,,灵山大佛景区,2009/03/26[11]
,,,,鼋头渚景区,2012/10/18
,,,梁溪区,惠山古镇景区,2020/01/07[8]
,,苏州市,姑苏区,苏州园林（拙政园、虎丘山、留园）,2007/05/08（拙政园）[7]
,,,,,2010/04/18（虎丘山、留园）[10]
,,,昆山市,周庄古镇景区,2007/05/08[7]
,,,吴江区,吴江同里古镇风景区,2010/04/18[10]
,,,吴中区,金鸡湖景区,2012/7/2
,,,,吴中太湖旅游区,2013/1/14
,,,常熟市,沙家浜·虞山尚湖旅游区,2013/4/11
,,扬州市,邗江区,瘦西湖风景区,2010/04/18[10]
,,镇江市,润州区,金山（金山·焦山·北固山旅游景区）,2012/8/17
,,,京口区,焦山（金山·焦山·北固山旅游景区）,2012/8/17
,,,,北固山（金山·焦山·北固山旅游景区）,2012/8/17
,,,句容市,句容茅山景区,2014/11/28
,,常州市,新北区,环球恐龙城景区,2010/04/18[10]
,,,溧阳市,天目湖景区,2013/10/11
,,,武进区,中国春秋淹城旅游区,2017/2/25
,,南通市,崇川区,濠河景区,2012/1/20
,,泰州市,姜堰区,溱湖旅游景区,2012/3/31
,,淮安市,淮安区,周恩来故里旅游景区,2015/10/15
,,盐城市,大丰区,大丰中华麋鹿园景区,2015/10/15
,,徐州市,泉山区,云龙湖景区,2016/8/3
,,连云港市,海州区,花果山景区,2016/8/3
,,,连云区,连岛景区,2024/2/6
,,宿迁市,泗洪县,洪泽湖湿地景区,2020/12/29
浙江省,22,杭州市,西湖区,西湖风景名胜区,2007/05/08[7]
,,,,西溪湿地旅游区,2012/1/9
,,,淳安县,千岛湖风景区,2010/04/18[10]
,,温州市,乐清市,雁荡山风景名胜区,2007/05/08[7]
,,,文成县,刘伯温故里景区,2020/12/29
,,舟山市,普陀区,普陀山风景名胜区,2007/05/08[7]
,,宁波市,奉化区,溪口滕头旅游区,2010/04/18[10]
,,,海曙区,天一阁·月湖景区,2018/10/29
,,嘉兴市,桐乡市,桐乡乌镇古镇旅游区,2010/04/18[10]
,,,南湖区,南湖旅游区,2011/9/6
,,,嘉善县,西塘古镇旅游景区,2017/2/25
,,金华市,东阳市,横店影视城景区,2010/04/18[10]
,,,婺城区,双龙风景旅游区,2024/12/27
,,绍兴市,越城区,鲁迅故里·沈园景区,2012/10/18
,,衢州市,开化县,开化根宫佛国文化旅游景区,2013/9/12
,,,江山市,江郎山·廿八都景区,2017/2/25
,,湖州市,南浔区,南浔古镇景区,2015/7/13
,,台州市,天台县,天台山景区,2015/10/15
,,,仙居县,神仙居景区,2015/10/15
,,,临海市,台州府城文化旅游区,2022/7/15
,,丽水市,缙云县,缙云仙都景区,2020/01/07[8]
,,,云和县,云和梯田景区,2024/2/6
安徽省,13,黄山市,黄山区,黄山风景区,2007/05/08[7]
,,,黟县,皖南古村落—西递·宏村,2011/05/05[9]
,,,歙县,古徽州文化旅游区,2014/11/28
,,池州市,青阳县,九华山风景区,2007/05/08[7]
,,安庆市,潜山市,天柱山风景区,2011/05/05[9]
,,六安市,金寨县,天堂寨旅游景区,2012/8/17
,,,舒城县,万佛湖景区,2016/11/4
,,宣城市,绩溪县,绩溪龙川景区,2012/10/18
,,阜阳市,颍上县,八里河景区,2013/10/11
,,合肥市,肥西县,三河古镇景区,2015/10/15
,,芜湖市,鸠江区,方特旅游区,2016/8/3
,,马鞍山市,雨山区,长江采石矶文化生态旅游区,2020/12/29
,,滁州市,琅琊区,琅琊山景区,2024/2/6
福建省,12,厦门市,思明区,鼓浪屿风景名胜区,2007/05/08[7]
,,,,厦门园林植物园景区,2024/2/6
,,南平市,武夷山市,武夷山风景名胜区,2007/05/08[7]
,,龙岩市,永定区,土楼永定（土楼（永定·南靖）旅游景区）,2011/9/6
,,,上杭县,古田旅游区,2015/10/15
,,,连城县,冠豸山景区,2024/12/27
,,漳州市,南靖县,土楼南靖（土楼（永定·南靖）旅游景区）,2011/9/6
,,三明市,泰宁县,泰宁风景旅游区,2011/9/6
,,泉州市,丰泽区,清源山景区,2012/10/18
,,宁德市,屏南县,白水洋·鸳鸯溪旅游景区,2012/8/17
,,,福鼎市,福鼎太姥山旅游区,2013/10/11
,,福州市,鼓楼区,三坊七巷景区,2015/7/13
,,莆田市,秀屿区,湄洲岛妈祖文化旅游区,2020/12/29
江西省,15,九江市,庐山市,庐山风景名胜区,2007/05/08[7]
,,,永修县,庐山西海景区,2020/12/29
,,吉安市,井冈山市,井冈山风景旅游区,2007/05/08[7]
,,上饶市,玉山县,三清山旅游景区,2011/9/6
,,,婺源县,婺源江湾景区,2013/1/14
,,,弋阳县,龟峰景区,2017/2/25
,,,婺源县,篁岭景区,2024/12/27
,,鹰潭市,贵溪市,龙虎山旅游景区,2012/3/31
,,景德镇市,昌江区,景德镇古窑民俗博览区,2013/4/11
,,赣州市,瑞金市,共和国摇篮旅游区,2015/7/13
,,,安远县,三百山景区,2022/7/15
,,宜春市,袁州区,明月山旅游区,2015/10/15
,,抚州市,资溪县,大觉山景区,2017/2/25
,,南昌市,东湖区,滕王阁旅游区,2018/10/29
,,萍乡市,芦溪县,武功山景区,2020/01/07[8]
山东省,16,烟台市,蓬莱区,蓬莱阁旅游区,2007/05/08[7]
,,,,,2012/11/29由三仙山·八仙过海旅游景区扩展为蓬莱阁旅游区
,,,龙口市,龙口南山景区,2011/1/17
,,济宁市,曲阜市,曲阜明故城（三孔）旅游区,2007/05/08[7]
,,,微山县,微山湖旅游区,2022/7/15
,,泰安市,岱岳区,泰山景区,2007/05/08[7]
,,青岛市,崂山区,崂山景区,2011/1/17
,,,市南区,奥帆海洋文化旅游区,2024/2/6
,,威海市,环翠区,刘公岛景区,2011/1/17
,,,,华夏城旅游景区,2017/2/25
,,枣庄市,台儿庄区,台儿庄古城景区,2012/11/14
,,济南市,历下区,天下第一泉景区,2013/9/12
,,临沂市,蒙阴县,沂蒙山景区,2013/12/19
,,,沂水县,萤火虫水洞·地下大峡谷旅游区,2020/12/29
,,潍坊市,青州市,青州古城旅游区,2017/2/25
,,东营市,垦利区,黄河口生态旅游区,2020/01/07[8]
,,淄博市,周村区,周村古商城景区,2024/12/27
河南省,17,郑州市,登封市,嵩山少林景区,2007/05/08[7]
,,洛阳市,洛龙区,龙门石窟景区,2007/05/08[7]
,,,嵩县,白云山景区,2011/1/17
,,,栾川县,老君山·鸡冠洞旅游区景区,2012/1/9
,,,新安县,龙潭大峡谷景区,2013/1/14
,,焦作市,修武县,云台山风景名胜区（云台山—神农山—博爱青天河风景名胜区）,2007/05/08[7]
,,,沁阳市,神农山（云台山—神农山—博爱青天河风景名胜区）,2011/01/17[12]
,,,博爱县,青天河景区（云台山—神农山—博爱青天河风景名胜区）,2011/05/05[9]
,,开封市,龙亭区,清明上河园,2011/1/17
,,安阳市,殷都区,殷墟景区,2011/1/17
,,,林州市,红旗渠、太行大峡谷旅游景区,2016/11/4
,,平顶山市,鲁山县,尧山—中原大佛景区,2011/05/05[9]
,,南阳市,西峡县,西峡伏牛山老界岭·恐龙遗址园旅游区,2014/11/28
,,驻马店市,遂平县,嵖岈山旅游景区,2015/10/15
,,商丘市,永城市,芒砀山旅游景区,2017/2/25
,,新乡市,辉县市,八里沟景区,2020/01/07[8]
,,,,宝泉旅游区,2024/12/27
,,信阳市,浉河区,鸡公山景区,2022/7/15
,,周口市,淮阳区,太昊伏羲陵文化旅游区,2024/2/6
湖北省,16,武汉市,武昌区,黄鹤楼公园,2007/05/08[7]
,,,洪山区,东湖景区,2013/10/11
,,,黄陂区,黄陂木兰文化生态旅游区,2014/11/28
,,宜昌市,夷陵区,三峡大坝旅游区（三峡大坝-屈原故里旅游区）,2007/05/08[7]
,,,,三峡人家风景区,2011/05/05[9]
,,,,三峡大瀑布景区,2022/7/15
,,,秭归县,屈原故里（三峡大坝-屈原故里旅游区）,2014/11/9
,,,长阳土家族自治县,长阳清江画廊风景区,2012/11/14
,,十堰市,丹江口市,武当山风景区,2011/05/05[9]
,,恩施土家族苗族自治州,巴东县,神龙溪纤夫文化旅游区,2011/05/05[9]
,,,恩施市,恩施大峡谷景区,2015/7/13
,,,利川市,腾龙洞景区,2020/12/29
,,神农架林区,,神农架生态旅游区,2012/1/9
,,咸宁市,赤壁市,三国赤壁古战场景区,2018/10/29
,,襄阳市,襄城区,古隆中景区,2020/01/07[8]
,,荆门市,钟祥市,明显陵文化旅游景区,2024/2/6
,,黄冈市,麻城市,麻城龟峰山景区,2024/12/27
湖南省,12,衡阳市,南岳区,南岳衡山旅游区,2007/05/08[7]
,,张家界市,武陵源区,张家界武陵源旅游区（张家界武陵源—天门山旅游区）,2007/05/08[7]
,,,永定区,天门山景区（张家界武陵源—天门山旅游区）,2011/9/6
,,长沙市,岳麓区,岳麓山—橘子洲旅游区,2012/1/9
,,,,,2016/08/03撤销橘子洲旅游区5A等级
,,,,,
,,,,,2017/12/18恢复橘子洲旅游区5A等级
,,,宁乡市,花明楼景区,2013/11/26
,,岳阳市,岳阳楼区,岳阳楼（岳阳楼—君山岛景区）,2011/9/6
,,,君山区,君山岛（岳阳楼—君山岛景区）,2011/9/6
,,湘潭市,韶山市,韶山旅游区,2011/9/6
,,郴州市,资兴市,东江湖旅游区,2015/7/13
,,邵阳市,新宁县,崀山景区,2016/8/3
,,株洲市,炎陵县,炎帝陵景区,2020/01/07[8]
,,常德市,桃源县,桃花源旅游区,2020/12/29
,,湘西土家族苗族自治州,吉首市,矮寨（矮寨·十八洞·德夯大峡谷景区）,2021/6/9
,,,,德夯大峡谷（矮寨·十八洞·德夯大峡谷景区）,2021/6/9
,,,花垣县,十八洞（矮寨·十八洞·德夯大峡谷景区）,2021/6/9
,,,凤凰县,凤凰古城旅游区,2024/2/6
广东省,16,广州市,番禺区,长隆旅游度假区,2007/05/08[7]
,,,白云区,白云山风景区,2011/1/21
,,深圳市,南山区,深圳华侨城旅游度假区,2007/05/08[7]
,,,龙华区,观澜湖休闲旅游区,2011/05/05[9]
,,佛山市,南海区,西樵山景区,2013/1/14
,,,顺德区,长鹿旅游休博园,2014/11/28
,,韶关市,仁化县,丹霞山景区,2012/1/9
,,梅州市,梅县区,雁南飞茶田景区,2011/1/21
,,惠州市,博罗县,罗浮山景区,2013/12/19
,,,惠城区,惠州西湖旅游景区,2018/10/29
,,中山市,,孙中山故里旅游区,2016/11/4
,,江门市,开平市,开平碉楼文化旅游区,2020/12/29
,,阳江市,江城区,海陵岛大角湾海上丝路旅游区,2015/10/15
,,肇庆市,端州区,星湖旅游景区,2020/01/07[8]
,,清远市,连州市,连州地下河旅游景区,2011/9/6
,,河源市,东源县,万绿湖风景区,2024/12/27
广西壮族自治区,11,桂林市,阳朔县,漓江景区,2007/05/08[7]
,,,兴安县,乐满地度假世界,2007/05/08[7]
,,,秀峰区,独秀峰－王城景区,2012/11/6
,,,,两江四湖（两江四湖·象山景区）,2017/2/25
,,,象山区,象山（两江四湖·象山景区）,2017/2/25
,,崇左市,大新县,德天跨国瀑布景区,2018/10/29
,,,宁明县,花山岩画景区,2024/12/27
,,百色市,右江区,百色起义纪念园景区,2020/01/07[8]
,,南宁市,青秀区,青秀山旅游区,2014/11/28
,,北海市,海城区,涠洲岛南湾鳄鱼山景区,2020/12/29
,,贺州市,昭平县,黄姚古镇景区,2022/7/15
,,柳州市,三江侗族自治县,程阳八寨景区,2024/2/6
海南省,7,三亚市,崖州区,南山文化旅游区,2007/05/08[7]
,,,,南山大小洞天旅游区,2007/05/08[7]
,,,海棠区,蜈支洲岛旅游区,2016/11/4
,,,天涯区,天涯海角游览区,2024/2/6
,,,陵水县,分界洲岛旅游区,2013/1/14
,,,保亭县,呀诺达雨林文化旅游区,2012/1/20
,,,,槟榔谷黎苗文化旅游区,2015/7/13
重庆市,12,,大足区,重庆大足石刻景区,2007/05/08[7]
,,,巫山县,重庆小三峡-小小三峡,2007/05/08[7]
,,,武隆区,武隆喀斯特旅游区（天生三桥、仙女山、芙蓉洞),2011/7/6
,,,南川区,金佛山-神龙峡景区,2013/10/11
,,,,,2016/08/03撤销神龙峡景区5A等级
,,,酉阳土家族苗族自治县,酉阳桃花源景区,2012/1/20
,,,綦江区,黑山谷景区,2012/10/11
,,,江津区,江津四面山景区,2015/10/15
,,,云阳县,云阳龙缸景区,2017/2/25
,,,彭水县,阿依河景区,2020/01/07[8]
,,,黔江区,濯水景区,2020/12/29
,,,奉节县,白帝城·瞿塘峡景区,2022/7/15
,,,涪陵区,武陵山大裂谷景区,2024/2/6
四川省,18,成都市,都江堰市,青城山—都江堰旅游景区,2007/05/08[7]
,,,大邑县,安仁古镇景区,2022/7/15
,,,邛崃市,天台山景区,2024/12/27
,,乐山市,峨眉山市,峨眉山景区,2007/05/08[7]
,,,市中区,乐山大佛景区,2011/7/6
,,阿坝藏族羌族自治州,九寨沟县,九寨沟旅游景区,2007/05/08[7]
,,,松潘县,黄龙景区,2012/1/9
,,,汶川县,汶川特别旅游区,2013/5/4
,,,小金县,四姑娘山景区,2024/2/6
,,南充市,阆中市,阆中古城旅游景区,2013/10/11
,,,仪陇县,仪陇朱德故里景区,2016/11/4
,,绵阳市,北川羌族自治县,北川羌城旅游区,2013/5/4
,,广安市,广安区,邓小平故里旅游区,2013/10/11
,,广元市,剑阁县,剑门蜀道剑门关旅游区,2015/7/13
,,甘孜藏族自治州,泸定县,海螺沟景区,2017/2/25
,,,稻城县,稻城亚丁旅游景区,2020/12/29
,,雅安市,雨城区,碧峰峡旅游景区,2020/01/07[8]
,,巴中市,南江县,光雾山旅游景区,2020/12/29
贵州省,10,安顺市,镇宁布依族苗族自治县,黄果树大瀑布景区,2007/05/08[7]
,,,西秀区,龙宫景区,2007/05/08[7]
,,毕节市,大方县,百里杜鹃景区,2013/10/11
,,,织金县,织金洞景区,2022/7/15
,,黔南布依族苗族自治州,荔波县,荔波樟江景区,2015/7/13
,,贵阳市,花溪区,青岩古镇景区,2017/2/25
,,铜仁市,江口县,梵净山旅游区,2018/10/29
,,黔东南苗族侗族自治州,镇远县,镇远古城旅游景区,2020/01/07[8]
,,遵义市,赤水市,赤水丹霞旅游区,2020/12/29
,,黔西南布依族苗族自治州,兴义市,万峰林景区,2024/12/27
云南省,10,昆明市,石林彝族自治县,石林风景区,2007/05/08[7]
,,,盘龙区,昆明世博园景区,2016/8/3
,,丽江市,玉龙纳西族自治县,玉龙雪山景区,2007/05/08[7]
,,,古城区,丽江古城景区,2011/7/6
,,大理白族自治州,大理市,崇圣寺三塔文化旅游区,2011/7/6
,,西双版纳傣族自治州,勐腊县,中国科学院西双版纳热带植物园,2011/7/6
,,迪庆藏族自治州,香格里拉市,香格里拉普达措景区,2012/11/6
,,保山市,腾冲市,腾冲火山热海旅游区,2016/8/3
,,,,和顺古镇景区,2024/2/6
,,文山壮族苗族自治州,丘北县,普者黑旅游景区,2020/12/29
西藏自治区,5,拉萨市,城关区,布达拉宫景区,2013/1/14
,,,,大昭寺,2013/10/11
,,林芝市,工布江达县,巴松措景区,2017/8/29
,,,米林县,雅鲁藏布大峡谷旅游景区,2020/11/9
,,日喀则市,桑珠孜区,扎什伦布寺景区,2017/8/29
陕西省,14,西安市,临潼区,秦始皇兵马俑博物馆,2007/05/08[7]
,,,,华清池景区,2007/05/08[7]
,,,雁塔区,大雁塔·大唐芙蓉园景区,2011/1/17
,,,碑林区,城墙·碑林历史文化景区,2018/10/29
,,,新城区,大明宫旅游景区,2020/12/29
,,延安市,黄陵县,黄帝陵景区,2007/05/08[7]
,,,宝塔区,延安革命纪念地景区,2020/01/07[8]
,,,宜川县,黄河壶口瀑布旅游区,2022/7/15
,,,延川县,黄河乾坤湾景区,2024/2/6
,,渭南市,华阴市,华山景区,2011/1/17
,,宝鸡市,扶风县,法门寺佛文化景区,2014/11/28
,,,眉县,太白山旅游景区,2016/11/4
,,商洛市,商南县,金丝峡景区,2015/10/15
,,咸阳市,乾县,乾陵景区,2024/12/27
甘肃省,8,嘉峪关市,,嘉峪关文物景区,2007/05/08[7]
,,平凉市,崆峒区,崆峒山风景名胜区,2007/05/08[7]
,,天水市,麦积区,麦积山景区,2011/1/17
,,酒泉市,敦煌市,鸣沙山月牙泉景区,2015/7/13
,,张掖市,临泽县,七彩丹霞景区,2020/01/07[8]
,,临夏回族自治州,永靖县,炳灵寺世界文化遗产旅游区,2020/12/29
,,陇南市,宕昌县,官鹅沟景区,2022/7/15
,,甘南藏族自治州,临潭县,冶力关旅游区,2024/12/27
青海省,4,海北藏族自治州,刚察县,青海湖景区,2011/9/6
,,,祁连县,阿咪东索景区,2020/12/29
,,西宁市,湟中区,塔尔寺景区,2012/11/6
,,海东市,互助土族自治县,互助土族故土园景区,2017/2/25
宁夏回族自治区,6,石嘴山市,平罗县,沙湖旅游景区,2007/05/08[7]
,,中卫市,沙坡头区,沙坡头旅游景区,2007/05/08[7]
,,银川市,西夏区,镇北堡西部影视城,2011/1/17
,,,灵武市,灵武水洞沟旅游区,2015/7/13
,,吴忠市,青铜峡市,黄河大峡谷旅游区,2024/2/6
,,固原市,隆德县,六盘山红军长征旅游区,2024/12/27
新疆维吾尔自治区,18,昌吉回族自治州,阜康市,新疆天山天池风景名胜区,2007/05/08[7]
,,,奇台县,江布拉克景区,2022/7/15
,,吐鲁番市,高昌区,葡萄沟风景区,2007/05/08[7]
,,阿勒泰地区,布尔津县,喀纳斯景区,2007/05/08[7]
,,,富蕴县,可可托海景区,2012/1/20
,,,哈巴河县,白沙湖景区,2017/2/25
,,伊犁哈萨克自治州,新源县,那拉提旅游风景区,2011/1/17
,,,特克斯县,喀拉峻景区,2016/11/4
,,喀什地区,泽普县,泽普金湖杨景区,2013/10/11
,,,喀什市,喀什噶尔老城景区,2015/7/13
,,,塔什库尔干塔吉克自治县,帕米尔旅游区,2020/01/07[8]
,,乌鲁木齐市,乌鲁木齐县,天山大峡谷景区,2013/12/19
,,巴音郭楞蒙古自治州,博湖县,博斯腾湖景区,2014/11/28
,,,和静县,和静巴音布鲁克景区,2016/11/4
,,克拉玛依市,乌尔禾区,世界魔鬼城景区,2020/12/29
,,博尔塔拉蒙古自治州,博乐市,赛里木湖景区,2021/5/11
,,,阿拉尔市,塔克拉玛干·三五九旅文化旅游区,2021/5/11
,,阿克苏地区,温宿县,天山托木尔景区,2024/12/27
